{
  "Health": {
    "Users": {
      "Shees": {
        "name": "Shees",
        "email": "shees@gmail.com",
        "password": shees",
        "type": 0
      },
      "Moaeed": {
        "name": "Moaeed",
        "email": "Moaeed@gmail.com",
        "password": "Moaeed",
        "type": 0
      }
    },
    "Appointment": {
      "Shees": {
        "A123": {
          "name": "Shees",
          "appointment_num": "A123",
          "illness": "Fever",
          "age": "20",
          "time": "10:00 AM"
        },
        "A124": {
          "name": "Shees",
          "appointment_num": "A124",
          "illness": "Headache",
          "age": "20",
          "time": "11:30 AM"
        },
        "A125": {
          "name": "Shees",
          "appointment_num": "A125",
          "illness": "Cough",
          "age": "20",
          "time": "2:15 PM"
        }
      },
      "Moaeed": {
        "B101": {
          "name": "Moaeed",
          "appointment_num": "B101",
          "illness": "Back Pain",
          "age": "19",
          "time": "9:45 AM"
        },
        "B102": {
          "name": "Moaeed",
          "appointment_num": "B102",
          "illness": "Allergy",
          "age": "19",
          "time": "1:30 PM"
        }
      }
    }
  }
}
